"Code Produit","Produit","Description","Code HS","Code HS07","Code HS12","Code CPC"
"809","Abaca, chanvre de manille, brut","Musa textilis. La fibre est tirée du pédoncule de certains bananiers. Pour les données commerciales, voir 789.","","530500","530500","01929.07"
"526","Abricots","Prunus armeniaca.","","080910","080910","01343"
"2051","Agriculture","","","","","F2051"
"1804","Agrumes, total","","","","","F1804"
"406","Ail","Allium sativum.","","070320","070320","01252"
"101","Alpiste","Phalaris canariensis. Céréale secondaire habituellement utilisée pour l'alimentation des oiseaux.","","100830","100830","01195"
"221","Amandes non décortiquées","Prunus amygdalus; P. communis; Amygdalus communis. Produites essentiellement dans les pays méditerranéens, aux Etats-Unis et en Asie.","","080211","080211","01371"
"574","Ananas","Ananas comosus; A. sativus. Les chiffres relatifs au commerce peuvent comprendre les ananas séchés.","","080430","080430","01318"
"711","Anis, badiane, fenouil, coriandre","Cette catégorie comprend: l'anis (Pimpinella anisum); la badiane ou anis étoilé (Illicium verum); le carvi (Carum carvi); la coriandre (Coriandrum sativum); le cumin (Cuminum cyminum); le fenouil (Foeniculum vulgare); les baies de genévrier (Juniperus communis). Graines et baies des diverses plantes énumérées. Sont généralement utilisées comme épices, mais ont également des utilisations industrielles (par exemple en distillerie) et médicinales.","","090910, 090920, 090930, 090940, 090950","090921, 090922, 090931, 090932, 090961, 090962","01654"
"242","Arachides non décortiquées","Arachis hypogaea. Pour les données commerciales, les arachides en coques sont converties à 70 pour cent et exprimées en valeur décortiquée.","","120210, 120220","120230, 120241","0142"
"366","Artichauts","Cynara scolymus.","","070990","070991","01216"
"367","Asperges","Asparagus officinalis.","","070920","070920","01211"
"399","Aubergines","Solanum melongena.","","070930","070930","01233"
"541","Autre fruit à noyau n.a.c.","Autres fruits à noyaux non identifiés séparément. Dans certains pays, les données relatives aux abricots, aux cerises, aux pêches, aux nectarines et aux prunes sont communiquées dans cette catégorie générale.","","081090","081090","01349.20"
"542","Autre fruit à pépins n.a.c.","Autres fruits à pépins non identifiés séparément. Dans certains pays, les pommes, poires et coings sont regroupés dans cette catégorie générale.","","081090","081090","01349.10"
"558","Autres baies et fruits du genre caccinium, n.a.c.","Cette catégorie comprend notamment: la mûre noire (Morus nigra); la ronce-framboise; la mûre blanche; la mûre rouge (M. alba; M. rubra); la baie de myrte (Myrtus communis); l'airelle, myrtille ou bluet du Canada (Gaylussacia spp.) Autres baies non identifiées séparément. Dans certains pays, les données relatives à une partie ou à la totalité des baies énumérées plus haut sont communiquées dans cette catégorie générale.","","081020, 081040","081020, 081040","01355.90"
"619","Autres fruits n.a.c.","Cette catégorie comprend notamment les fruits suivants: azerole (Crataegus azarolus); papaye commune (Carica pentagona); sureau noir (Sambucus nigra); jujube (Zizyphus jujuba); litchi (nephelium litchi); nèfle du Japon (Eriobotrya japonica); nèfle (Mespilus germanica); fruit de l'asiminée (Asimina triloba); grenade (Punica granatum); figue de Barbarie (Opuntia ficus-indica); cynorhodon (Rosa spp.); sorbe (Sorbus aucuparia); corme (Sorbus domestica); tamarin (Tamarindus indica); arbouse (Arbutus unedo).. Autres fruits frais qui ne sont pas identifiés séparément du fait de leur importance secondaire au plan international. Etant donné leur importance locale limitée, certains pays font état dans cette rubrique de fruits frais qui sont classés séparément par la FAO.","","081090","081090","01359.90"
"603","Autres fruits tropicaux frais nda","Cette catégorie comprend notamment les fruits suivants: fruit à pain (Artocarpus incisa); carambole (Averrhoa carambola); chérimole ou pomme cannelle (Annona spp.); dovrian (Durio zibethinus); feijoa (Feijoa sellowiana); goyave (Psidium guajava); mombin ou prune myrobalan (Spondias spp.); jaque (Artocarpus integrifolia); longane (nephelium longan); abricot de Saint Domingue (Mammea americana); mangoustan (Garcinia mangostana); morelle de Quito (Solanum quitoense); fruit de la passion (Passiflora edulis);litchi chevelu ou ramboutan (nephelium lappaceum); sapote (Calocarpum mammosum); sapotille (Achras sapota); pomme-étoile (Chrysophyllum spp.). Autres fruits tropicaux qui ne sont pas identifiés séparément du fait de leur importance secondaire au plan international. Dans certains pays, les mangues, avocats, ananas, dattes et papayes sont indiqués dans cette catégorie générale.","","080450, 081060, 081090","080450, 081060, 081090","01319"
"512","Autres fruits, agrumes nda","Cette catégorie comprend notamment: la bergamote (Citrus bergamia); le cédrat (C. medica var. cedrata); le chinois (C. myrtifolia); le kumquat (Fortunella japonica);. Certaines variétés secondaires d'agrumes sont surtout utilisées pour la préparation de parfums et de boissons sans alcool.","","080590","080590","01329"
"339","Autres graines oleagineuses n.a.c.","Comprennent notamment: le hêtre (Fagus sylvatica); le bancoul (Aleurites moluccana); les graines de carapa (Carapa guineensis); les graines de croton (Croton tiglium); les graines d'illipé (Bassia latifolia); les graines de niger (Guizotia abyssinica); les graines d'oïticica (Licania rigida); les graines de pérille (Perilla frutescens); le pignon d'Inde (Jatropha curcas); les graines de sal (Shorea robusta); les graines de korung (Pongamia glabra); les amandes douara (Astrocaryum spp.). Autres graines oléagineuses, fruits et fruits à coques oléagineux non identifiés séparément du fait de leur importance minime au plan international. Etant donné leur importance locale limitée, certains pays font état dans cette rubrique de produits qui sont classés séparément par la FAO. Sont également compris dans cette rubrique les graines de thé, les pépins de raisins et les pépins de tomate dont on extrait de l'huile.","","120799","120799","01449.90"
"414","Autres haricots frais","Phaseolus et Vigna spp.. A écosser.","","070820","070820","01241.90"
"463","Autres légumes frais n.a.c.","Cette catégorie comprend notamment: les pousses de bambou (Bambusa spp.); les betteraves et bettes (Beta vulgaris); les capres (Capparis spinosa); les cardons (Cynara cardunculus); le céleri (Apium graveolens); le cerfeuil (Anthriscus cerefolium); le cresson alénois (Lepidium sativum); le fenouil (Foeniculum vulgare); le raifort (Cochlearia armoracia); la marjolaine (Majorana hortensis); le salsifis (Tragopogon porrifolius); le persil (Petroselinum crispum); le panais (Pastinaca sativa); le radis (Raphanus sativus); la rhubarbe (Rheum spp.); les rutabagas ou choux navets (Brassica napus); la sarriette (Satureja hortensis); la scorsonère (Scorzonera hispanica); l'oseille (Rumex acetosa); les germes de soja l'estragon (Artemisia dracunculus); le cresson de fontaine (Nasturtium officinale). Autres légumes qui ne sont pas identifiés séparément du fait de leur importance secondaire au plan international. Etant donné leur importance locale limitée, certains pays font état dans cette rubrique de légumes qui sont classés séparément par la FAO.","","070690, 070940, 070990","070690, 070940, 070999","01290.90"
"211","Autres légumineuses n.a.c.","Compris notamment: le dolique lablab ou dolique d'Egypte (Dolichos spp.); le haricot-sabre ou pois-sabre (Canavalia spp.); le pois carré (Psophocarpus tetragonolobus); le guar (Cyamopsis tetragonoloba); le haricot de la Floride (Stizolobium spp.); le pois patate (Pachyrrhizus erosus); les espèces de Vigna autres que celles figurant aux Nos 176 et 195. Autres légumineuses qui ne sont pas identifiées séparément du fait de leur importance minime au plan international. Etant donné leur importance locale limitée, certains pays font état sous cette rubrique de légumineuses qui sont classées séparément par la FAO.","","071390","071390","01709.90"
"1166","Autres viandes n.a.c. (à l'exclusion des mammifères), frais, réfrigérés ou congelés","Sont compris les cuisses de grenouille, les mammifères marins, etc. Certains pays font état, dans cette catégorie, de viandes qui sont énumérées plus haut, mais pour lesquelles les données ne sont pas communiquées séparément. Fraîches, réfrigérées ou congelées.","","020830, 020840, 020850, 020890","020830, 020840, 020850, 020890","21170.92"
"572","Avocats","Persea americana.","","080440","080440","01311"
"75","Avoine","Avena spp. essentiellement Avena sativa. Plante à panicule ouverte, large, portant de grands épillets. Utilisée essentiellement dans les préparations pour petit déjeuner. Excellent fourrage pour les chevaux.","","100400","100410, 100490","0117"
"486","Bananes","Musa sapientum; M. cavendishii; M. nana. Les bananes sont généralement consommées telles quelles. Les données relatives au commerce peuvent comprendre les bananes séchées. Les chiffres doivent être communiqués compte non tenu du poids de la hampe centrale.","","080300","080390","01312"
"484","Bananes Cavendish","Bananas Cavendish, species of Musavar. cavendishii, are normally eaten raw. Trade figures may include dried bananas. Data should be reported excluding the weight of the central stalk. (Unofficial definition)","","","","01312.01"
"488","Bananes de cuisson","Cooking bananas, species of Musa paradisiaca, includes East African Highland (EAHB) bananas (an important group of bananas, grown in the East African highlands region) and other cooking types.  The fruit is sweet when ripe, but the unripe fruit is mostly cooked as matooke or used in brewing to produce banana beer. Generally eaten when still green and starchy. (Unofficial definition)","","","","01313.02"
"485","Bananes non-Cavendish","Other bananas (sweet/dessert bananas), species of Musasapientum and Musa nana,are normally eaten without further preparation.  Trade figures may include dried bananas. Data should be reported excluding the weight of the central stalk. This sub-class does not include cavendish and cooking bananas. (Unofficial definition)","","","","01312.02"
"487","Bananes plantains","Plantains, species of Musa paradisiaca, that cannot be eaten row.  Plantains are starchy and less sweet bananas, consumed after being cooked (e.g. fried, roasted, steamed,  boiled or otherwise cooked), which starch does not become sweet during ripening FAO data should be reported excluding the weight of the central stalk. (Unofficial definition)","","","","01313.01"
"15","Blé","Triticum spp.: blé tendre (T. aestivum) blé dur (T. durum) épeautre (T. spelta) . Les principaux types sont le blé tendre et le blé dur. Les principales variétés de blé tendre sont les variétés de printemps et d'hiver, les blés de force et ceux ayant une moindre force boulangère et les blés rouge et blanc. Au plan national, les diverses variétés doivent être présentées séparément, selon leur utilisation. Produit essentiellement utilisé en alimentation humaine.","","100110, 100190","100111, 100119, 100191, 100199","0111"
"661","Cacao, fèves","eobroma cacao. Graines que renferme le fruit du cacaoyer ou cabosse, qu'elles soient entières ou brisées, brutes ou torréfiées.","","180100","180100","01640"
"656","Café, vert","Coffea spp. (arabica, robusta, liberica). Café brut sous toutes ses formes.","","090111","090111","01610"
"554","Canneberges","(Vaccinium macrocarpon); Canneberge commune (V.oxycoccus). Les données relatives au commerce peuvent comprendre les myrtilles, les baies de myrte et d'autres fruits du genre Vaccinium.","","081040","081040","01355.02"
"693","Cannelle","(Cinnamomum zeylanicum); cannelle de Chine (C. cassia). Ecorce intérieure de jeunes branches de certains arbres de la famille des lauracées. Comprend les fleurs, le fruit et les déchets (chips) de l'arbre qu'ils soient entiers, écrasés ou moulus.","","090611, 090619, 090620","090611, 090619, 090620","01655"
"568","Cantaloup et autres melons","Cucumis melo.","","080719","080719","01229"
"836","Caoutchouc naturel","Hevea brasiliensis Latex. Liquide sécrété par l'hévéa. Sont compris le latex stabilisé ou concentré et le latex prévulcanisé. Dans les chiffres commerciaux, le poids du produit liquide est converti en poids sec à 60%.","","400110","400110","01950.01"
"426","Carottes et navets","Daucus carota. Les données relatives au commerce peuvent comprendre les navets (Brassica rapa, var. rapifera).","","070610","070610","01251"
"461","Caroubes","Ceratonia siliqua Caroubier. Sont également comprises les graines. Principalement utilisée pour l'affouragement ou à des fins industrielles. Riche en pectine.","","121299","121292","01356"
"280","Carthame","Car amus tinctorius. Surtout apprécié pour son huile. Accessoirement utilisé en alimentation humaine et en aviculture.","","120799","120760","01446"
"550","Cassis et groseilles","Cassis (Ribes nigrum); Groseilles rouges (R. rubrum). Les données relatives au commerce comprennent parfois les groseilles vertes.","","081090","081030","01351.01"
"103","Céréales mélangées","Mélange d'espèces de céréales semées et récoltées ensemble. Le mélange blé/seigle est connu sous le nom de méteil, mais en matière de commerce international, il est en général classé dans la catégorie du blé.","","100890","100890","01199.02"
"108","Ceréales n.a.c.","Notamment: Cañagua ou coaihua (Chenopodium pallidicaule); discipline des religieux (Amaranthus caudatus); coïx ou larmes de Job (Coïx lacrymajobi); riz sauvage (Zizania aquatica). Autres plantes céréalières non identifiées séparément du fait de leur importance secondaire au plan international. Etant donné leur importance locale limitée, certains pays présentent sous ce numéro des céréales qui sont classées séparément par la FAO.","","100890","100890","01199.90"
"1814","Céréales Secondaires, tot","","","","","F1814"
"1717","Céréales, total","Cereals are generally of the gramineous family and, in the FAO concept, refer to crops harvested for dry grain only. Crops harvested green for forage, silage or grazingare classified as fodder crops. Also excluded are industrial crops, e.g. broom sorghum (Crude organic materials nes) and sweet sorghum when grown for syrup (Sugar crops nes). For international trade classifications, fresh cereals (other than sweet corn), whether or not suitable for use as fresh vegetables, are classified as cereals. Cereals are identified according to their genus. However, when two or more genera are sown and harvested as a mixture they should be classified and reported as ""mixed grains"". Production data are reported in terms of clean, dry weight of grains (12-14 percent moisture) in the form usually marketed. Rice, however, is reported in terms of paddy. Apart from moisture content and inedible substances such as cellulose, cereal grains contain, along with traces of minerals and vitamins, carbohydrates - mainly starches - (comprising 65-75 percent of their total weight), as well as proteins (6-12 percent) and fat (1-5 percent). The FAO definitions cover 17 primary cereals, of which one - white maize - is a component of maize. Each definition is listed along with its code, botanical name or names, and a short description. Cereal products derive either from the processing of grain through one or more mechanical or chemical operations, or from the processing of flour, meal or starch. Each cereal product is listed after the cereal from which it is derived.","","","","F1717"
"531","Cerises","Merises, cerises des bois (Prunus avium; Cerasus avium); bigarreaux (var. duracina); guignes (var. juliana).","","080920","080929","01344.02"
"449","Champignons et truffes","Y compris notamment: Boletus edulis; Agaricus campestris; Morchella spp. et Tuber magnatum Cultivés ou sauvages. Y compris les truffes.","","070951, 070959","070951, 070959","01270"
"336","Chanvre","Cannabis sativa. Plante annuelle herbacée cultivée à la fois pour ses fibres et pour son huile. Dans les principaux pays producteurs, on extrait de l'huile des graines.","","120799","120799","01449.02"
"777","Chanvre, fibre et etoupe","Cannabis sativa. Cette plante est cultivée à la fois pour ses graines et pour ses fibres. Les fibres sont tirées de la tige. Les données commerciales comprennent la fibre brute, rouie, teillée, peignée, l'étoupe et les déchets.","","530210, 530290","530210, 530290","01929.02"
"220","Châtaignes non décortiquées","Castanea spp.: C.vesca; C.vulgaris; C.sativa. Essentiellement produites en Europe et en Asie.","","080240","080241, 080242","01373"
"135","Chou caraibe","(Xanthosoma spp.) (X. sagittifolium). Plusieurs plantes font partie de ce groupe, certaines ayant des tubercules comestibles et d'autres ayant des tiges comestibles (également appelées aracées). Le chou caraïbe est surtout cultivé dans les Caraïbes et sert à l'alimentation humaine. Les données commerciales concernent à la fois le produit frais et le produit séché.","","071490","071450","01591"
"358","Choux","Chou de Chine (Brassica chinensis); Choux blanc, rouge, de Milan à feuilles frisées, de Bruxelles, vert, chou moellier, chou-rave (Brassica oleracea toutes variétés sauf botrytis).","","070420, 070490","070420, 070490","01212"
"393","Choux-fleurs et brocolis","Brassica oleracea var. brotrytis, sous-variétés cauliflora et cymosa. Y compris le chou brocoli pommé.","","070410","070410","01213"
"1183","Cire d'abeille","Substance que les abeilles utilisent pour construire les cellules hexagonales des rayons des ruches. Sont également comprises des cires d'autres insectes, c'est-à-dire la laque et la cire de Chine.","","152190","152190","02960.01"
"497","Citrons et limes","Citrons (Citrus limon); limes acides (C.aurantifolia); limes douces (C.limetta).","","080550","080550","01322"
"394","Citrouilles, courges et potirons","Cucurbita spp.. Y compris la moelle végétale.","","070990","070993","01235"
"1185","Cocons de vers à soie propres au dévidage","Cocons de ver à soie se prêtant au dévidage. Les données commerciales sont exprimées en équivalent de soie, soit 5 pour cent du poids des cocons.","","500100","500100","02944"
"523","Coings","Cydonia oblonga; C. vulgaris; C. japonica.","","080820","080840","01342.02"
"270","Colza","Brassica napus var. oleifera. Essentiellement cultivé pour l'extraction d'huile. Les variétés anciennes sont riches en acide érucique, considéré comme dangereux pour la santé.","","120510, 120590","120510, 120590","01443"
"397","Concombres, cornichons","Cucumis sativus.","","070700","070700","01232"
"328","Coton non-égrené","Gossypium spp.: Coton non égrené. Plante cultivée à la fois pour ses graines et ses fibres. La FAO considère les graines, la fibre et les linters de coton comme des produits primaires. La teneur en huile des fibres va de 30 à 40 pour cent , celle des graines de 55 à 65 pour cent et celle des linters de 2 à 5 pour cent, bien qu'ils ne soient pas toujours séparés.","","520100","520100","01921.01"
"767","Coton, fibre","Gossypium spp. Fibres obtenues après égrenage du coton en graines, qui n'ont été ni cardées ni peignées. Les données commerciales comprennent également les fibres qui ont été nettoyées, blanchies, teintes ou rendues hydrophiles.","","520100","520100","01921.02"
"1753","Cultur Textiles Primaire","Vegetal Fibres obtained from annual and perennial plants are used to produce thread and yarn that are manufactured into fabrics. These manufactured products are not classified as agricultural, and therefore are not included in the FAO definitions. Among vegetal fibres, FAO includes 12 primary crops and five derived agricultural products. The code and name of each of these crops is listed below, along with its botanical name, or names, and a short description where necessary. Certain fibre crops yield seeds used for sowing and for processing into oil and cake, and these are listed with oil-bearing crops and derived products.","","","","F1753"
"1732","Cultures Oleágineuses, équivalent huile","Oil-Bearing Crops or Oil Crops include both annual (usually called oilseeds) and perennial plants whose seeds, fruits or mesocarp and nuts are valued mainly for the edible or industrial oils that are extracted from them. Dessert and table nuts, although rich in oil, are listed under Nuts (see Chapter .). Annual oilseed plants tha are either harvested green or are used for grazing and for green manure are included with Fodder Crops (see Chapter 11.). Some of the crops included in this chapter are also fibre crops in that both the seeds and the fibres are harvested from the same plant. Such crops include: coconuts, yielding coir from the mesocarp; kapok fruit; seed cotton; linseed; and hempseed. In the case of several other crops, both the pulp of the fruit and the kernels are used for oil. The main crops of this type are oil-palm fruit and tallow tree seeds. Production data are reported in terms of dry products as marketed. Exceptions to this general rule include: groundnuts, which are reported as groundnuts in the shell; coconuts, which are reported on the basis of the weight of the nut including the woody shell, but excluding the fibrous outer husk; and palm oil, which is reported in terms of oil, by weight. Because of the very different nature of the various oil crops, the primary products cannot be aggregated in their natural weight to obtain total oil crops. For this reason, FAO converts the crops to either an oil equivalent or an oilcake equivalent before aggregating them. Only 5-6 percent of the world production of oil crops is used for seed (oilseeds) and animal feed, while about 8 percent is used for food. The remaining 86 percent is processed into oil. The fat content of oil crops varies widely. Fat content ranges from as low as 10-15 percent of the weight of coconuts to over 50 percent of the weight of sesame seeds and palm kernels. Carbohydrates, mainly polysaccharides, range from 15 to 30 percent in the oilseeds, but are generally lower in other oil-bearing crops. The protein content is very high in soybeans, at up to 40 percent, but is much lower in many other oilseeds, at 15-25 percent, and is lower still in some other oil-bearing crops.","","","","F1732"
"577","Dattes","Phoenix dactylifera. Comprend les fruits frais et séchés.","","080410","080410","01314"
"2044","Élevage","","","","","F2044"
"723","Epices nda","Cette catégorie comprend notamment: les feuilles de laurier (Laurus nobilis); l'aneth (Anethum graveolens); le fenugrec (Trigonella foenum-graecum); le safran (Crocus sativus); le thym (Thymus vulgaris); le curcuma (Curcuma longa). Autres épices non identifiées séparément du fait de leur importance secondaire au plan international. Etant donné leur importance locale limitée, certains pays font état sous cette rubrique de données concernant des épices qui sont classées individuellement par la FAO. Cette rubrique comprend également la poudre de curry et d'autres mélanges de diverses épices.","","091020, 091030, 091091, 091099","091020, 091030, 091091, 091099","01699"
"373","Epinards","Spinacia oleracea. Les chiffres du commerce peuvent comprendre l'épinard de la Nouvelle-Zélande ou tétragone (Tetragonia espansa) et l'arroche (ou arroche-épinard) (Atriplex hortensis)","","070970","070970","01215"
"1176","Escargots, non marins","Frais, réfrigérés, congelés, séchés, salés ou en saumure.","","030760","030760","02920"
"667","Feuilles de thé)","Camellia sinensis; ea sinensis; ea assaamica. Sont compris le é vert (non fermenté), le é noir (fermenté), et le é partiellement fermenté. Est exclu le é vert consommé comme légume.","","090210, 090220, 090230, 090240","090210, 090220, 090230, 090240","01620"
"236","Fèves de soja","Glycine soja. C'est la principale plante oléifère. Elle est aussi couramment consommée sous forme de fèves et de différents produits dérivés, par exemple lait de soja, viande, etc, en raison de sa forte teneur en protéines.","","120100","120110, 120190","0141"
"181","Fèves sèches","Vicia faba fève à cheval (var.equina); fève des marais (var.major); féverole (var.minor).","","071350","071350","01702"
"782","Fibres analogues au jute","Cette catégorie comprend notamment: le jute de Chine (Abutilon avicennae); le jute du Congo, uréna, paka (Urena lobata; U. sinuata); l'abrome (Abroma augusta); le kenaf, jute de Thaïlande (Hibiscus cannabinus); la roselle (H. sabdariffa); le chanvre indien (Crotalaria juncea). Cette définition couvre toutes les fibres textiles extraites des tiges de dicotylédones, à l'exception du lin, de la ramie, du chanvre et du jute proprement dit. Pour les données commerciales, voir 780.","","530310, 530390","530310, 530390","01922.02"
"800","Fibres d'agave, brut n.a.c.","Cette catégorie comprend notamment: l'aloès vert (Agave foetida); le henequen (A. fourcroydes); l'ixtle (A. lecheguilla); le maguey (A. cantala); le pité (A. americana); le sisal du Salvador (A. letonae). Voir 789. Les feuilles de certaines variétés d'agaves sont utilisées pour la production de boissons alcoolisées - aquamiel, mezcal, pulque et tequila.","","530500","530500","01929.06"
"821","Fibres vegetales n.a.c.","Cette catégorie comprend notamment les fibres suivantes: sparte (Lygeum spartum; Stipa tenacissima); chanvre d'Afrique (Sansevieria spp); tupi (Neoglaziovia variegata); fique (Furcraea macrophylla); chanvre de Maurice (F. gigantea); lin de Nouvelle-Zélande (Phormium tenax); palmier ixtle (Samuela carnerosana). Autres fibres qui ne sont pas identifiées séparément du fait de leur importance secondaire au plan international. Etant donné leur importance locale limitée, certains pays communiquent sous cette rubrique des données relatives à des fibres végétales qui sont classées séparément par la FAO. La fibre est tirée des feuilles, des tiges ou des fruits de la plante. Lorsque la partie fibreuse est habituellement utilisée à d'autres fins, les données ne concernent que les fibres destinées à la filature. Pour les données commerciales, voir le N° 789.","","530500","530500","01929.90"
"569","Figues","Ficus carica.","","080420","080420","01315"
"94","Fonio","Digitaria spp.: fonio (D. exilis) fonio noir (D. iburua). Céréale secondaire n'ayant d'importance qu'en Afrique de l'Ouest où elle est consommée à la place du riz pendant les famines. Les graines sont préparées par cuisson à la vapeur du grain entier.","","100890","100840","01193"
"544","Fraises","Fragaria spp..","","081010","081010","01354"
"547","Framboises","Rubus idaeus. Les données relatives au commerce peuvent comprendre les mûres sauvages, les mûres et les ronces-framboises (croisement entre les framboises et les mûres).","","081020","081020","01353.01"
"234","Fruits à coque n.a.c.","Cette catégorie comprend notamment: la noix de pécan (Carya illinoensis); la noisette indienne ou pekeya (Caryocar nuciferum); l'amande de Chine ou noix de canari (Canarium spp.): la noix de paradis ou noix de sapucaia (Lecythis zabucajo); la noisette d'Australie (Macadamia ternifolia); et les pignons (Pinus pinea). Autres fruits à coque qui ne sont pas identifiés séparément du fait de leur importance minime au plan international. Etant donné leur importance locale limitée, certains pays font entrer dans cette catégorie des fruits à coque qui sont classés séparément par la FAO.","","080260, 080290","080261, 080262, 080290","01379.90"
"1729","Fruits à Coque, total","Tree NUTS are dry fruits or kernels enclosed in woody shells or hard husks, which in turn are generally covered by a thick, fleshy/fibrous outer husk that is removed during harvest. Similar products, such as groundnuts, sunflower seeds and melon seeds, although often used for similar purposes, are included with oil-bearing crops.FAO includes in this group only dessert or table nuts. Nuts that are used mainly for flavouring beverages and masticatory and stimulant nuts should be excluded. An exception is made for areca nuts and kola nuts, which FAO considers to be inedible nuts, but which are included with the nut and derived products group to be consistent with international trade classifications. Nuts used mainly for the extraction of oil or butter, (e.g. sheanuts) as well as nuts contained in other fruits (e.g. peaches) are excluded. It should be noted that some countries report certain nut crops (chestnuts, pignolia nuts) with forestry products. Production data relate to the weight of nuts in the shell or husk, but without the outer husk. The weight of the kernel contained in the nut ranges from as low as 30 percent for cashew nuts to as high as 80 percent in the case of chestnuts. The edible portion of nut kernels is, with the major exception of chestnuts, very rich in fat content at between 50 percent and 65 percent. Protein content makes up 15-20 percent and carbohydrate content is between 10 percent and 15 percent. Starch and saccharose are the main components of dry chestnuts, accounting for about 75 percent. FAO covers ten primary nut crops. Each is listed below along with its code, its botanical name, or names, and a short description. NUT PRODUCTS include shelled nuts, whole or split, and further processed products, including roasted nuts, meal/flour, paste, oil, etc. Nut oils are not separately identified in the FAO classification; instead they are included under the heading ""oil of vegetable origin nes"". The most commonly marketed oils are almon oil and cashew nut oil and its derivative cardol.","","","","F1729"
"1738","Fruits Prim et Melons","Fruit Crops consist of fruits and berries that, with few exceptions, are characterized by their sweet taste. Nearly all are permanent crops, mainly from trees, bushes and shrubs, as well as vines and palms. Fruits and berries grow on branches, stalks or the trunks of plants, usually singly, but sometimes grouped in bunches or clusters (e.g. bananas and grapes). Commercial crops are cultivated in plantations, but significant quantities of fruits are also collected from scattered plants that may or may not be cultivated. Although melons and watermelons are generally considered to be fruits, FAO groups them with vegetables because they are temporary crops. Fruit crops are highly perishable. Their shelf life may be extended through the application of chemical substances that inhibit the growth of micro-organisms and through careful control of the surrounding temperature, pressure and humidity once the fruit has been picked. Fruits and berries have a very high water content accounting for some 70- 90 percent of their weight. They contain, in various degrees, minerals, vitamins and organic acids, some of which reside in the peel or skin. Some fruits have a high fibre content and other inedible components, so that wastage is high, e.g. 60 percent for passion fruit and 35-45 percent for pineapples. The waste in temperate zone fruit is lower, generally of the order of 10-15 percent, while berries contain very little waste. The carbohydrate content of fruits varies widely. Protein content is very low, averaging less than 1 percent, or below that in vegetables. Fat content in fruit is negligible, with the notable exception of avocados. Fruit crops are consumed directly as food and are processed into dried fruit, fruit juice, canned fruit, frozen fruit, jam, alcoholic beverages, etc. Fruit crops are not normally grown for animal feed, although significant quantities of diseased and substandard fruits, as well as certain by-products of the fruit processing industry, are fed to animals. Production data for fruit crops should relate to fruits actually harvested. Data on bananas and plantains should relate to the weight of single bananas or banana hands, excluding the weight of the central stalk. FAO lists 36 primary fruit crops.","","","","F1738"
"1801","Fruits,excl Melons, total","","","","","F1801"
"720","Gingembre, brut","Zingiber officinale. Rhizome d'une plante herbacée vivace. Est également utilisé pour préparer des boissons. Comprend le produit frais, provisoirement conservé ou séché, tandis que le gingembre confit ou conservé dans du sirop n'est pas pris en compte.","","091010","091011, 091012","01657"
"698","Girofles","Eugenia caryophyllata; Caryophyllus aromaticus. Fruit entier du giroflier, y compris les fleurs cueillies avant maturité et séchées au soleil, et leur pédoncule.","","090700","090710, 090720","01656"
"430","Gombo","Abelmoschus esculentus: Hibiscus esculentus.","","070990","070999","01239.01"
"839","Gommes naturelles","Sont notamment compris: le balata (Manilkara bidentata); le caoutchouc de céara (Manihot glaziovii); le chiclé (Achras zapota); le guayule (Parthenium argentatum); la gutta-percha (Palachium gutta); le jélutong (Dieva costulana). Extraites du latex d'arbres de diverses espèces. Bien que les gommes naturelles soient analogues au caoutchouc à de nombreux égards, elles sont en général moins élastiques.","","400130","400130","03211"
"305","Graines d'arbre a suif","Arbre à suif de Bornéo (Shorea aptera; S. stenocarpa); Arbre à suif de Chine (Sapium sebiferum; Stillingia sebifera). Arbre sauvage et cultivé. La FAO considère le suif végétal et l'huile de stillingia comme des produits primaires (voir ci-après).","","120799","120799","01499.04"
"329","Graines de coton","Utilisées pour l'extraction d'huile.","","120720","120721, 120729","0143"
"277","Graines de jojoba","Simmondsia californica (syn. S. chinensis). Provient d'un buisson ou d'un arbuste de la famille des buxacées.","","120799","120799","01499.03"
"333","Graines de lin","Linum usiatissimum. Plante herbacée annuelle cultivée à la fois pour ses fibres et son huile.","","120400","120400","01441"
"299","Graines de melon","Cucumis melo. Comprennent les graines d'autres cucurbitacées.","","120799","120770","01449.01"
"267","Graines de tournesol","Helian us annuus. Essentiellement cultivées pour leur huile. de petites quantités sont également destinées à la consommation humaine et à l'alimentation des oiseaux.","","120600","120600","01445"
"530","Grillottes","Prunus cerasus; Cerasus acida.","","080920","080921","01344.01"
"549","Groseilles à maquereaux","Ribes grossularia. Les données relatives au commerce comprennent parfois les cassis et groseilles rouges.","","081090","081030","01351.02"
"176","Haricots secs","Phaseolus spp.: haricot commun (Ph. vulgaris); haricot de Lima (Ph. lunatus); haricot adzuki (Ph. angularis); haricot velu de la Basse-Nubie (Ph. aureus); haricot mungo, mongo (Ph. mungo); haricot d'Espagne (Ph. coccineus); haricot-grain de riz (Ph. calcaratus); haricot papillon (Ph. aconitifolius); haricot tépary (Ph. acutifolius). Seules des espèces de Phaseolus entrent dans cette catégorie, bien que plusieurs pays y inscrivent également certains types de haricots couramment classés comme Vigna (angularis, mungo, radiata, aconitifolia). Par le passé, ces espèces étaient également classées comme Phaseolus.","","071331, 071332, 071333, 071339","071331, 071332, 071333, 071339","01701"
"423","Haricots verts","Phaseolus vulgaris; Vigna spp.. Non destinés à être écossés.","","070820","070820","01241.01"
"677","Houblon","Humulus lupulus. Cônes de houblon, frais ou séchés, moulus ou non, en poudre ou sous forme de granulés. Est comprise la lupuline, poudre résineuse jaune qui couvre les cônes de houblon. Principalement utilisé en brasserie pour donner du goût à la bière.","","121010, 121020","121010, 121020","01659"
"257","Huile de palme","Extraite par pression du mésocarpe du fruit du palmier à huile et à l'aide de solvants des résidus de pression.","","151110, 151190","151110, 151190","2165"
"307","Huile de stillingia","Obtenue à l'aide d'un solvant à partir des graines de Stillingia sebifera. Utilisée comme agent siccatif des peintures et vernis.","","151590","151590","21691.10"
"254","Huile, noix de palme","Elaeis guineensis. Le palmier à huile produit des régimes qui contiennent un grand nombre de fruits dont le mésocarpe charnu renferme une amande recouverte d'une coque très dure. La FAO considère l'huile de palme (tirée de la pulpe) et les palmistes comme des produits primaires. Le taux d'extraction de l'huile d'un régime varie de 17 à 27 pour cent pour l'huile de palme et de 4 à 10 pour cent pour les palmistes.","","120799","120710","01491.01"
"137","Ignames","Dioscorea spp.. Les principales ignames comestibles sont couramment cultivées dans l'ensemble des zones tropicales. Il s'agit d'un aliment de base amylacé, habituellement consommé comme légume, bouilli, cuit ou frit. En Afrique de l'Ouest, elles sont essentiellement consommées sous forme de ""foufou"", pâte épaisse riche en gluten. Les données commerciales concernent les ignames fraîches et séchées.","","071490","071430","01540"
"674","Infusions n.a.c.","Diverses plantes utilisées pour faire des infusions semblables au é, (tisanes).","","121190","121190","01930.04"
"1751","Jute&Fibres Apparentées","","","","","F1751"
"780","Jute, brut ou roui","Jute blanc (Corchorus capsularis); jute rouge, jute tossa (C.olitorius). Les données commerciales concernent le jute brut ou transformé (mais non filé) l'étoupe et les déchets, les déchets de filature et les effilochés et peuvent comprendre les fibres analogues au jute.","","530310, 530390","530310, 530390","01922.01"
"310","Kapok, fruit","Ceiba pentadra; Bombacacées. Le fruit du kapokier contient des fibres et des graines que la FAO traite comme des produits végétaux primaires.","","120799","120799","01499.05"
"592","Kiwis","Actinidia chinensis.","","081050","081050","01352"
"987","Laines de tonte, en suint, y compris les laines lavées à dos","Fibre naturelle provenant d'ovins adultes ou d'agneaux. Comprend la laine lavée à dos, la laine de tonte, la laine de peaux (prélevée sur des animaux abattus), mais non la laine cardée ou peignée.","","510111, 510119","510111, 510119","02941"
"982","Lait cru de brebis","Voir 88 et produits dérivés.","","040120, 040130","040120, 040140, 040150","02291"
"951","Lait cru de bufflesse","Voir 88 et produits dérivés.","","040120, 040130","040120, 040140, 040150","02212"
"1130","Lait cru de chamelle","Voir 88","","040120, 040130","040120, 040140, 040150","02293"
"1020","Lait cru de chèvre","Voir 88 et produits dérivés.","","040120, 040130","040120, 040140, 040150","02292"
"882","Lait cru de vache","Les données de la production correspondent au lait cru entier. Les données commerciales concernent habituellement le lait de l'ensemble des animaux, et correspondent au lait qui n'est ni concentré, ni pasteurisé, ni stérilisé, ni conservé par d'autres moyens, ni homogénéisé, ni peptonisé.","","040120, 040130","040120, 040140, 040150","02211"
"1780","Lait, total","Milk, eggs, honey and beeswax are included as products of live animals. Fibres of animal origin (mainly wool and silk) are included with fibres of vegetal and animal origin. Milk and dairy products. Estimates of milk production as reported by countries refer to one or more of the following three concepts. Gross production is milk production plus milk sucked by young animals. Production available for consumption is net production less milk fed to animals, milk retained by farmers for food and feed, direct sales to consumers and farm waste. The FAO concept relates to net milk production. Data should be reported by kind of milking animal (cow, sheep, goat, etc.) in terms of whole milk and by weight. In most developed countries only 5-10 percent of whole milk is used directly for human consumption. The bulk of milk production is processed before being marketed as liquid milk (e. G. standardized, pasteurized, skimmed, etc.) or is manufactured in to products such as cream, butter, cheese, evaporated and condensed milk, milk powder, casein, yogurt, ice cream, etc. About 70 percent of whole milk is processed into dairy products; the by-products of these processes (e. G. skim milk, buttermilk and whey) are used either for feed or are manufactured into other dairy products, e. G. dry skim milk and low-fat cheese. Processed milk and dairy products are often supplemented with vitamins, mineral and various additives. FAO list 50 milk and dairy product items in the list that follows, of which five are primary products. Some food products containing milk are not listed separately by FAO, e. G. eggnog, sherbet, malted milk, chocolate milk drink and mellorine.","","","","F1780"
"372","Laitue et chicorée","Lactuca sativa Chicorée witloof (Cichorium intybus var. foliosum); Chicorée frisée (C. endivia var. crispa); Chicorée scarole (C. endivia var. latifolia).","","070511, 070519, 070521, 070529","070511, 070519, 070521, 070529","01214"
"1800","Légumes et Melons, total","Vegetables, as classified in this group, are mainly annual plants cultivated as field and garden crops in the open and under glass, and used almost exclusively for food. Vegetables grown principally for animal feed or seed should be excluded. Certain plants, normally classified as cereals and pulses, belong to this group when harvested green, such as green maize, green peas, etc. This grouping differs from international trade classifications for vegetables in that it includes melons and watermelons, which are normally considered to be fruit crops. But, whereas fruit crops are virtually all permanent crops, melons and watermelons are similar to vegetables in that they are temporary crops. Chillies and green peppers are included in this grouping when they are harvested for consumption as vegetables and not processed into spices. FAO production data for green peas and green beans refer to the total weight including pods, although some countries report on a shelled weight basis. The weight of the pods ranges from 40 to 50 percent for peas to up to 70 percent for broad beans. Area data on small vegetable gardens are often omitted in agricultural surveys, although production estimates may be reported. Trade data for fresh vegetables also include chilled vegetables, meaning the temperature of the products has been reduced to around 0øC without the products being frozen. Vegetables contain principally water, accounting for between 70 percent and 95 percent of their weight. They are low in nutrients, but contain minerals and vitamins. FAO covers 27 primary vegetable products. Each is listed along with its code, botanical name, or names, and a short description. PRODUCTS DERIVED FROM VEGETABLES refer to processed products. Apart from a few main products, international trade classifications do not permit a sufficiently detailed classification of processed products according to the primary commodity used in the preparation. A similar situation prevails for frozen vegetables.","","","","F1800"
"1735","Légumes Prim Exc Melons","Vegetables, as classified in this group, are mainly annual plants cultivated as field and garden crops in the open and under glass, and used almost exclusively for food. Vegetables grown principally for animal feed or seed should be excluded. Certain plants, normally classified as cereals and pulses, belong to this group when harvested green, such as green maize, green peas, etc. This grouping differs from international trade classifications for vegetables in that it includes melons and watermelons, which are normally considered to be fruit crops. But, whereas fruit crops are virtually all permanent crops, melons and watermelons are similar to vegetables in that they are temporary crops. Chillies and green peppers are included in this grouping when they are harvested for consumption as vegetables and not processed into spices. FAO production data for green peas and green beans refer to the total weight including pods, although some countries report on a shelled weight basis. The weight of the pods ranges from 40 to 50 percent for peas to up to 70 percent for broad beans. Area data on small vegetable gardens are often omitted in agricultural surveys, although production estimates may be reported. Trade data for fresh vegetables also include chilled vegetables, meaning the temperature of the products has been reduced to around 0øC without the products being frozen. Vegetables contain principally water, accounting for between 70 percent and 95 percent of their weight. They are low in nutrients, but contain minerals and vitamins. FAO covers 27 primary vegetable products. Each is listed along with its code, botanical name, or names, and a short description. PRODUCTS DERIVED FROM VEGETABLES refer to processed products. Apart from a few main products, international trade classifications do not permit a sufficiently detailed classification of processed products according to the primary commodity used in the preparation. A similar situation prevails for frozen vegetables.","","","","F1735"
"420","Légumineuses n.a.c. (dont fèves, caroubes)","Vicia faba. A écosser.","","070890","070890","01243"
"1726","Légumineuses Sèches, tot.","Pulses are annual leguminous crops yielding from one to 12 grains or seeds of variable size, shape and color within a pod. They are used for both food and feed. The term ""pulses"" is limited to crops harvested solely for dry grain, thereby excluding crops harvested green for food (green peas, green beans, etc.) which are classified as vegetable crops. Also excluded are those crops used mainly for oil extraction (e.g. soybean and groundnuts) and leguminous crops (e.g. seeds of clover and alfalfa) that are used exclusively for sowing purposes. In addition to their food value, pulses also play an important role in cropping systems because of their ability to produce nitrogen and thereby enrich the soil. Pulses contain carbohydrates, mainly starches (55-65 percent of the total weight); proteins, including essential amino acids (18-25 percent, and much higher than cereals); and fat (1 - 4 percent). The remainder consists of water and inedible substances. Production data should be reported in terms of dry clean weight, excluding the weightof the pods. Certain kinds of pulses can be skinned and partially crushed or split toremove the seed-coat, but the resulting products are still considered raw for classification purposes. FAO covers 11 primary pulses. Each is listed below, along with its code, its botanical name, or names, and a short description. Only two processed products are included in the FAO list, namely flour of pulses and bran of pulses.","","","","F1726"
"201","Lentilles secs","Lens esculenta; Ervum lens.","","071340","071340","01704"
"773","Lin, fibre et etoupe","Cassées, teillées, peignées, etc. mais non filées. Traditionnellement, la FAO utilise ce produit pour identifier la production à l'état brut; en réalité, le produit agricole primaire est le produit 771, qui peut être utilisé soit pour la production de fibre, soit à d'autres fins.","","530121, 530129","530121, 530129","26190.01"
"210","Lupins","Lupinus spp.. Utilisés essentiellement en alimentation animale, bien que dans certaines parties de l'Afrique et de l'Amérique latine, certaines variétés soient cultivées pour la consommation humaine.","","121490","121490","01709.02"
"56","Maïs","Zea mays Blé de Turquie, froment des Indes. Céréale à forte teneur en germe. Au plan national, le maïs hybride et le maïs ordinaire doivent être présentés séparément, leur rendement et leurs emplois étant très différents. Utilisé couramment en alimentation animale et pour la production commerciale d'amidon.","","100510, 100590","100510, 100590","0112"
"446","Maïs frais","Zea mays, en particulier la variété saccharata. Maïs récolté frais pour l'alimentation humaine. La variété saccharata est généralement connue sous le nom de maïs doux","","070990","070999","01290.01"
"571","Mangues, mangoustans et goyaves","Mangifera indica. Les chiffres relatifs au commerce peuvent comprendre les mangues séchées, les goyaves et les mangoustants tant frais que séchés.","","080450","080450","01316"
"125","Manioc, frais","Manioc, cassave (Manihot esculenta, syn. M. utilissima); manioc doux (M. palmata, syn. M. dulcis). Culture semi-permanente pratiquée dans les régions tropicales et subtropicales. Le manioc amer et le manioc doux sont parfois indiqués comme espèces différentes, le premier étant M. esculenta et le deuxième M. palmata, mais cela est inexact car la toxicité varie selon l'endroit. Le manioc est l'aliment de base dans de nombreux pays tropicaux. Il ne fait pas l'objet d'un commerce international à l'état frais car les tubercules sont extrêmement périssables.","","071410","071410","01520.01"
"671","Mate","Ilex paraguayensis. Feuilles séchées de certains arbustes de la famille du houx qui poussent en Amérique du Sud. Préparé de façon analogue au é.","","090300","090300","01630"
"748","Menthe poivrée, menthe verte","Men a spp. M. piperita. Les feuilles et fleurs sont utilisées en parfumerie, dans les industries alimentaires et autres.","","121190","121190","01930.01"
"1182","Miel naturel","Miel produit par les abeilles (Apis mellifera) ou par d'autres insectes.","","040900","040900","02910"
"79","Mils","Comprennent notamment: le panic pied de coq (Echinocloa frumentacea); l'éleusine cultivée (Eleusine coracana); le teff (Eragrostis abyssinica); le millet commun ou mil (Panicum miliaceum); l'herbe à épée (Paspalum scrobiculatum); le millet à chandelle ou millet d'Afrique (Pennisetum glaucum); le millet des oiseaux (Setaria italica). Céréales à petits grains comprenant un grand nombre d'espèces botaniques différentes. Obtenues par l'acclimatation de graminées africaines sauvages de la vallée du Nil et du Sahel, les mils ont ensuite été introduits en Chine et en Inde. Ces céréales supportent la sécheresse et ont de petits grains très nourrissants et faciles à stocker. Utilisées localement, à la fois en alimentation humaine et en alimentation animale. Dans toutes les zones où ils sont cultivés, les mils sont utilisés pour la fabrication de bières traditionnelles. Servent aussi à nourrir les oiseaux.","","100820","100821, 100829","0118"
"292","Moutarde","Mourtarde blanche (Brassica alba; B. hirta; Sinapis alba); moutarde noire (Brassica nigra; Sinapis nigra). Outre l'huile que l'on en extrait, les graines de moutarde blanche peuvent être transformées en farine alimentaire. La moutarde noire donne aussi de l'huile et est transformée en farine qui est utilisée essentiellement pour la préparation de produits pharmaceutiques.","","120750","120750","01442"
"702","Muscade, macis et cardamome","Muscade, macis (Myristica fragrans): cardamome (Elettaria cardamomum): autres cardamomes (Aframomum angustifolium; A. hambury; Amomum aromaticum; A. cardamomum); malaguette, graines de paradis (Aframomum melegueta). La muscade est l'amande brune intérieure du fruit du muscadier. Le macis est l'arille entourant cette amande. Les graines de cardamome sont renfermées dans la capsule produite par des herbes vivaces de la famille des Zingibéracées.","","090810, 090820, 090830","090811, 090812, 090821, 090822, 090831, 090832","01653"
"552","Myrtilles","Myrtilles (Vaccinium myrtillus); Airelles d'Amérique (V. corymbosum). Les données relatives au commerce peuvent comprendre les airelles des marais, les baies de myrte et d'autres fruits du genre Vaccinium.","","081040","081040","01355.01"
"225","Noisettes non décortiquées","Corylus avellana. Produites essentiellement dans les pays méditerranéens et aux Etats-Unis.","","080221","080221","01374"
"275","Noix d'abrasin","Aleurites cordata; A. fordii. Essentiellement apprécié pour son huile.","","120799","120799","01499.02"
"217","Noix d'acajou non décortiquées","Anacardium occidentale. Produites essentiellement en Afrique de l'Est, en Inde et au Brésil.","","080131","080131","01372"
"226","Noix d'arec","Noix d'arec, noix de Bétel (Areca catechu). Essentiellement produites en Extrême-Orient. Les noix d'arec sont surtout mâchées. Elles contiennent des alcaloïdes (arécoline et arécaïdine).","","080290","080280","01379.01"
"249","Noix de coco","Cocos nucifera Noix de coco décortiquées. En coques, recouvertes de l'endocarpe, tandis que l'exocarpe (enveloppe externe souple) et le mésocarpe (enveloppe fibreuse) sont enlevées. Avant maturité, les noix contiennent un jus laiteux qui est consommé comme boisson rafraîchissante. Les noix mûres sont consommées telles quelles ou transformées pour l'obtention de copra ou de noix de coco desséchées. La pulpe dont sont extraits le copra/l'huile constitue 40 à 70 pour cent du poids de la noix décortiquée. La teneur en huile de la pulpe est d'environ 36 pour cent.","","080119","080112, 080119","01460"
"263","Noix de karite","Butyrospermum parkii. Les données de la production ne correspondent qu'à l'amande contenue dans le fruit, bien que la pulpe de celui-ci soit aussi comestible.","","120799","120799","01499.01"
"224","Noix de kola","Noix de kola, noix de cola (Cola nitida; C.vera; cola acuminata). Essentiellement produites en Afrique. Contenant de 2,4 à 2,6 pour cent de caféine, Elles sont couramment mâchées par les populations locales. Très utilisées en Europe et en Amérique pour la production de boissons.","","080290","080270","01379.02"
"216","Noix du brésil non décortiquées","Châtaigne du Brésil, noix d'Amérique, noix du Brésil (Ber olletia excelsa).","","080121","080121","01377"
"222","Noix non décortiquées","Juglans spp.: J.regia. Produit des zones tempérées de l'hémisphère Nord, et en particulier des Etats-Unis.","","080231","080231","01376"
"296","Oeillette","Papaver somniferum. On tire l'opium de cette plante, mais les graines servent aussi en boulangerie et en confiserie.","","120791","120791","01448"
"1091","Œufs d'autres volatiles en coquille frais n.a.c.","Poids en coquille.","","040700","040719, 040729, 040790","0232"
"1062","Œufs de poule en coquille frais","Poids en coquille.","","040700","040711, 040721, 040790","0231"
"1783","Oeufs Naturels","Eggs and Egg products. Egg production by type of poultry should refer to the total production of eggs in the shell by all types of hens in both the traditional sector (individually owned small flocks) and the modern sector (large-scale, intensive commercial poultry farms).Total productions include eggs for hatching but exclude waste of farms. Countries should report in terms of both numbers and weight.FAO lists seven egg and egg products items, including four primary and three processed products.","","","","F1783"
"403","Oignons secs","Allium cepa. Oignons mûrs mais non déshydratés.","","070310","070310","01253.02"
"402","Oignons, echalotes, frais","(Allium ascalonicum); Oignons (A. cepa); Ciboules (A. fistulosum). Jeunes oignons cueillis avant que le bulbe n'ait grossi; utilisés en particulier dans les salades. Y compris les oignons de semence.","","070310","070310","01253.01"
"260","Olives","Olea europaea. Comprennent les olives de table et les olives destinées à l'extraction d'huile.","","070990","070992","01450"
"490","Oranges","Oranges douces (Citrus sinensis); Oranges amères ou bigarades (C.aurantium). Les oranges amères sont utilisées essentiellement pour la préparation de marmelades.","","080510","080510","01323"
"44","Orge","Hordeum spp.: orge à deux rangs (H. disticum) orge à six rangs (H. hexasticum) orge à quatre rangs (H. vulgare). Supporte mieux que le blé les sols pauvres et les températures basses. Il y a des variétés avec et sans glumelles (nues). Utilisée en alimentation animale, en brasserie et pour la préparation d'aliments. Les grains torréfiés sont un succédané de café.","","100300","100310, 100390","0115"
"256","Palmistes","Graines de palmier à huile. Les amandes de babassu (Orbignya speciosa) sont souvent indiquées comme palmistes.","","120999","120999","01491.02"
"507","Pamplemousses et pomelos","Citrus maxima; C. grandis; C. paradisi.","","080540","080540","01321"
"600","Papayes","Carica papaya.","","080720","080720","01317"
"567","Pastèques","Citrullus vulgaris.","","080711","080711","01221"
"122","Patates douces","Ipomoea batatas. Culture saisonnière pratiquée dans les zones tropicales et subtropicales. Essentiellement utilisées en alimentation humaine. Les données du commerce international concernent les tubercules frais et secs, débités ou non en morceaux, ou sous forme de granulés.","","071420","071420","01530"
"136","Patates douces","Taro, colocase (Colocasia esculenta). Aracées cultivées pour leurs tubercules amylacés ou leurs tiges souterraines comestibles. Le taro est une culture vivrière dans toutes les zones tropicales. Les données commerciales concernent à la fois le taro frais et le taro séché.","","071490","071440","01550"
"534","Pêches et nectarines","Prunus persica; Amygdalus persica; Persica laevis.","","080930","080930","01345"
"689","Piments doux et épicé","Piment de Cayenne, paprika, piment fort (Capsicum frutescens; C. annuum); poivre de Jamaïque, toute-épice (Pimenta officinalis). Les piments frais non écrasés ou non moulus sont considérés comme des légumes.","","090420","090421, 090422","01652"
"401","Piments forts, piments doux frais","Capsicum annuum; C. fructescens; Pimenta officinalis. Les données de la production ne prennent pas en compte les plantes cultivées expressément comme épices. En revanche, les données relatives au commerce comprennent ces plantes, à condition qu'elles soient fraîches, non écrasées et non moulues.","","070960","070960","01231"
"223","Pistaches non décortiquées","Pistacia vera. Essentiellement produites au Proche-Orient et aux Etats-Unis.","","080250","080251, 080252","01375"
"489","Plantains et autres","Musa paradisiaca. Généralement connues sous le nom de bananes à cuire. Les données doivent être indiquées compte non tenu du poids de la hampe centrale.","","080300","080310","01313"
"587","Plaqueminiers/kakis","Diospyros kak; D. virginiana.","","081090","081070","01359.01"
"407","Poireaux et autres légumes alliacés","Poireaux (Allium porrum); ciboulette (A. schoenoprasum);. Autres alliacées (Variétés d'Allium à l'exception de celles indiquées aux numéros 40 , 403 et 406)","","070390","070390","01254"
"521","Poires","Pyrus communis.","","080820","080830","01342.01"
"195","Pois à vache secs","Dolique de Chine, pois à vache (Vigna sinensis; Dolichos sinensis).","","071339","071335","01706"
"203","Pois bambara, secs","Voandzou, pois bambara (Voandzeia subterranea)Ces haricots sont cultivés sous la terre, comme les arachides..","","071339","071334","01708"
"197","Pois cajan, sec","Pois cajan, cajan, ambrevade (Cajanus cajan).","","071390","071360","01707"
"191","Pois chiches, secs","Pois chiche (Cicer arietinum).","","071320","071320","01703"
"417","Pois frais","Pisum sativum. Essentiellement à écosser, mais y compris les pois mange-tout.","","070810","070810","01242"
"187","Pois secs","Pois à écosser (Pisum sativum); pois fourrager (P. arvense).","","071310","071310","01705"
"687","Poivre (sous-espèces piper), brut","Poivre blanc, poivre noir (Piper nigrum); poivre (P. longum). Plante grimpante vivace. Comprend les baies entières, concassées ou moulues. Le poivre noir est issu de baies qui ne sont pas encore parfaitement mûres, tandis que le poivre blanc provient de baies à parfaite maturité qui ont été débarrassées de leur enveloppe extérieure.","","090411, 090412","090411, 090412","01651"
"591","Pomme d'acajou","Anacardium occidentale. Faux fruit (pédoncule renflé) qui surmonte la noix. Lorsqu'il est sucré, il est utilisé pour la fabrication de confitures.","","081090","081090","01359.02"
"515","Pommes","Malus pumila; M. sylvestris; M. communis; Pyrus malus.","","080810","080810","01341"
"116","Pommes de terre","Solanum tuberosum. Culture saisonnière pratiquée dans les zones tempérées du monde entier, mais surtout dans l'hémisphère Nord.","","070110, 070190","070110, 070190","01510"
"536","Prunes et prunelles","Reines-claudes,mirabelles, prunes de Damas (Prunus domestica); prunelles (P. spinosa).","","080940","080940","01346"
"754","Pyrèthre, fleurs séchées","Chrysan emum cinerariifolium. Sont comprises les feuilles, les tiges et les fleurs. Servent à confectionner des insecticides, des fongicides et des produits analogues.","","121190","121190","01930.02"
"92","Quinoa","Chenopodium quinoa (Chénopodiacées). Céréale secondaire qui supporte l'altitude, l'ansérine quinoa est cultivée essentiellement dans les pays andins. Utilisée pour la consommation humaine et pour la préparation de chicha, (boisson fermentée).","","100890","100850","01194"
"459","Racines de chicorée","Chicorium intybus; C. sativum. Racines de chicorée non torréfiées.","","121299","121294","01691"
"149","Racines et tubercules n.a.c.","Cette catégorie comprend notamment: l'arracacha (Arracacia xanthorrhiza); l'arrowroot (Maranta arundinacea); le gland de terre (Cyperus esculentus); le sagoutier (Metroxylon spp); la truffette acide et l'ulluque (Oxalis tuberosa et Ullucus tuberosus); le pois-patate et le pois-manioc (Pachyrxhizus erosus, P. angulatus); la capucine tubéreuse (Tropaeolum tuberosum); le topinambour (Helianthus tuberosum). Autres tubercules, racines ou rhizomes, à l'état frais, non identifiés séparément du fait de leur importance minime au plan international. Etant donné leur importance locale limitée, certains pays présentent sous cette rubrique des racines et tubercules classés séparément par la FAO.","","071490","071490","01599.10"
"1720","Racines&Tubercules, total","Roots and Tubers are plants yielding starchy roots, tubers, rhizomes, corms and stems. They are used mainly for human food (as such or in processed form), for animal feed and for manufacturing starch, alcohol and fermented beverages including beer. The denomination ""roots and tubers"" excludes crops which are cultivated mainly for feed (mangolds, swedes) or for processing into sugar (sugar beets), and those classified as ""roots, bulb and tuberous vegetables"" (onions, garlic and beets). It does include starch and the starchy pith and flour obtained from the trunk of the sago palm and the stem of the Abyssinian banana (Musa ensete). Certain root crops, notably bitter cassava, contain toxic substances, particularly in the skins. As a result, certain processes must be undertaken to make the product safe for human consumption. Apart from their high water content (70-80 percent), these crops contain mainly carbohydrates (largely starches that account for 16-24 percent of their total weight) with very little protein and fat (0-2 percent each). Methods of propagating root crops vary. A live potato tuber or seed must be planted but only part of the live yam tuber and a piece of the stalk (not the root) in the case of cassava. Production data of root crops should be reported in terms of clean weight, i.e. free of earth and mud. FAO distinguishes among seven primary root and tuber crops. The code and name of each one appears in the list that follows, along with its botanical name, or names, and a short description. The processed products of roots and tubers are listed together with their parent primary crops.","","","","F1720"
"560","Raisins","Vitis vinifera. Sont compris les raisins de table et les raisins de cuve.","","080610","080610","01330"
"788","Ramie, brut ou roui","Ramie, ramie blanche (Boehmeria nivea); ramie verte (B. tenacissima). La fibre de ramie est tirée de la filasse de la plante. Pour les données commerciales, voir 780.","","530500","530500","01929.04"
"265","Ricin","Ricinus communis. Essentiellement apprécié pour son huile, qui est utilisée dans des produits pharmaceutiques. Les tourteaux de graines sont utilisés comme engrais (tourteaux d'extraction).","","120799","120730","01447"
"27","Riz","Oryza spp., surtout Oryza sativa. Grains de riz après battage et vannage. Egalement appelé riz non décortiqué et riz en paille. Utilisé essentiellement en alimentation humaine.","","100610","100610","0113"
"89","Sarrasin, blé noir","Fagopyrum esculentum (Polygonacées). Céréale secondaire cultivée essentiellement dans les régions septentrionales. Le sarrasin est considéré comme une céréale, bien qu'il n'appartienne pas à la famille des graminées.","","100810","100810","01192"
"71","Seigle","Secale cereale. Céréale qui supporte les sols pauvres, les latitudes élevées et l'altitude. Essentiellement utilisée pour confectionner du pain, du whisky et de la bière. Lorsqu'il est donné aux animaux, il est généralement mélangé à d'autres céréales.","","100200","100210, 100290","0116"
"289","Sésame","Sesamum indicum. Apprécié pour son huile, mais aussi comme aliment, soit tel quel, soit grillé, ainsi que dans des produits de boulangerie et d'autres préparations alimentaires.","","120740","120740","01444"
"789","Sisal, brut","Agave sisalana. La fibre de sisal est tirée des feuilles de la plante, qui sert également de plante ornementale. Les données commerciales concernent les fibres brutes, préparées pour la filature, ainsi que l'étoupe et les déchets, y compris les déchets de filature et les effilochés.","","530500","530500","01929.05"
"83","Sorgho","Sorgho spp.: maïs de Guinée (S. guineense); sorgho (S. vulgare); dura (S. dura). Céréale utilisée à la fois en alimentation humaine et en alimentation animale. Le sorgho est une céréale vivrière importante dans la plus grande partie de l'Afrique, où il est également utilisé pour confectionner de la bière traditionnelle. Il est souhaitable de présenter séparément les données relatives aux variétés hybrides et aux autres variétés.","","100700","100710, 100790","0114"
"161","Sucre, autres plantes sucrières nda","Cette catégorie comprend notamment: l'érable à sucre (Acer saccharum); le sorgho à sucre (shorghum saccharatum); le palmier à sucre (Arenga saccharifera). Comprend des plantes saccharifères secondaires d'importance locale. En ce qui concerne les sèves, la production doit être exprimée en équivalent liquide.","","121299","121299","01809"
"157","Sucre, betterave","Beta vulgaris var. altissima. Dans certains pays producteurs, de petites quantités sont consommées soit directement, soit sous forme de confitures.","","121291","121291","01801"
"156","Sucre, canne","Saccharum officinarum. Dans certains pays producteurs, de petites quantités de canne à sucre sont consommées soit directement, soit sous forme de jus.","","121299","121293","01802"
"306","Suif végétal","Obtenu par pression ou à l'aide de solvants à partir des amandes du fruit de l'arbre à suif de Bornéo et du tégument externe qui entoure les graines du fruit de l'arbre à suif de Chine. Utilisé en remplacement du beurre de cacao. Entre aussi dans la fabrication de savons, de bougies, de médicaments et de cosmétiques.","","151590","151590","21691.09"
"826","Tabacs bruts ou non fabriqués","Nicotiana tabacum. Tabac sec non manufacturé, y compris les déchets qui ne sont ni écôtés, ni effeuillés, ou qui le sont partiellement ou entièrement.","","240110, 240120, 240130","240110, 240120, 240130","01970"
"495","Tangerines, mandarines, clémentines","Mandarines, tangérines (Citrus reticulata); clémentines, satsumas (C.unshiu).","","080520","080520","01324"
"388","Tomates, fraiches","Lycopersicon esculentum.","","070200","070200","01234"
"97","Triticale","Céréale secondaire issue d'un croisement entre le blé et le seigle, ayant la qualité et les rendements du blé et la rusticité du seigle.","","100890","100860","01191"
"692","Vanille, brut","Vanilla planifolia; V. pompona. Fruit (ou gousse) d'une plante grimpante de la famille des orchidacées. Peut être entier, écrasé ou moulu.","","090500","090510, 090520","01658"
"205","Vesces","Vesce commune, vesce cultivée (Vicia sativa). Utilisées essentiellement en alimentation animale.","","121490","121490","01709.01"
"1163","Viande de gibier, fraîche, réfrigérée ou congelée","Viande et abats d'animaux sauvages, fraîche, réfrigérée ou congelée.","","020890","020890","21170.02"
"977","Viande ovine, fraîche ou réfrigérée","Viande de mouton et d'agneau, fraîche, réfrigérée ou congelée, désossée ou non.","","020410, 020421, 020422, 020423, 020430, 020441, 020442, 020443","020410, 020421, 020422, 020423, 020430, 020441, 020442, 020443","21115"
"1123","Viande poids vif, âne, fraîche ou réfrigérée","Biological meat of asses, fresh or chilled (Unofficial definition)","","","","21118.02b"
"1162","Viande poids vif, autres camélidés domestiques, fraîche ou réfrigérée","Biological meat of other domestic camelids, fresh or chilled (Unofficial definition)","","","","21117.02b"
"1155","Viande poids vif, autres rongeurs domestiques, fraîche ou réfrigérée","Biological meat of other domestic rodents, fresh or chilled (Unofficial definition)","","","","21119.01b"
"945","Viande poids vif, bovins, fraîche ou réfrigérée","Biological meat of bovine animals, fresh, chilled or frozen, with bone in. Common trade names are beef and veal. (Unofficial definition)","","","","21111.01b"
"973","Viande poids vif, buffle, fraîche ou réfrigérée","This subclass includes: - biological meat of buffalo, animals of subclass 02112, fresh or chilled  This subclass does not include: - meat of buffalo, frozen, cf. 21132 - edible offal of buffalo, cf. 21152 (Unofficial definition)","","","","21112b"
"1138","Viande poids vif, camélidés, fraîche ou réfrigérée","Biological meat of camels, fresh or chilled (Unofficial definition)","","","","21117.01b"
"1071","Viande poids vif, canard, fraîche ou réfrigérée","This subclass includes: - biological meat of ducks, birds of subclass 02154, fresh or chilled  This subclass does not include: - meat of ducks, frozen, cf. 21142 - fatty liver of duck, cf. 21160 - edible offal of duck, cf. 21160 (Unofficial definition)","","","","21122b"
"1033","Viande poids vif, caprin, fraîche ou réfrigérée","This subclass includes: - biological meat of goat, animals of subclass 02123, fresh or chilled  This subclass does not include: - meat of goat, frozen, cf. 21136 - edible offal of goat, cf. 21156 (Unofficial definition)","","","","21116b"
"1121","Viande poids vif, cheval, fraîche ou réfrigérée","Biological horse meat, fresh or chilled (Unofficial definition)","","","","21118.01b"
"1088","Viande poids vif, dinde, fraîche ou réfrigérée","This subclass includes: - biological meat of turkeys, birds of subclass 02152, fresh or chilled  This subclass does not include: - meat of turkeys, frozen, cf. 21144 - edible offal of turkey, cf. 21160 (Unofficial definition)","","","","21124b"
"1145","Viande poids vif, léporidés, fraîche ou réfrigérée","This subclass includes: - biological meat of rabbits and hares, animals of subclass 02191, fresh or chilled  This subclass does not include: - meat of rabbits and hares, frozen, cf. 21134 - edible offal of rabbits and hares, cf. 21159 (Unofficial definition)","","","","21114b"
"1125","Viande poids vif, mulet, fraîche ou réfrigérée","Biological meat of mules, fresh or chilled (Unofficial definition)","","","","21118.03b"
"1078","Viande poids vif, oie, fraîche ou réfrigérée","This subclass includes: - biological meat of geese, birds of subclass 02153, fresh or chilled  This subclass does not include: - meat of geese, frozen, cf. 21143 - fatty liver of geese, cf. 21160 - edible offal of geese, cf. 21160 (Unofficial definition)","","","","21123b"
"1013","Viande poids vif, ovine, fraîche ou réfrigérée","This subclass is defined through the following headings/subheadings of the HS 2007: 0204.10 - .23., biological (Unofficial definition)","","","","21115b"
"1085","Viande poids vif, pigeons et autres volatiles n.a.c., fraîche, réfrigérée ou congelée","Biological meat of pigeons and other birds not elsewhere classified, fresh, chilled or frozen (Unofficial definition)","","","","21170.01b"
"1095","Viande poids vif, poulet, fraîche ou réfrigérée","This subclass includes: - biological meat of chickens, <i>Gallus domesticus</i>, birds of subclass 02151, fresh or chilled  This subclass does not include: - meat of chickens, frozen, cf. 21141 - edible offal of chicken, cf. 21160 (Unofficial definition)","","","","21121b"
"1056","Viande poids vif, suidés, fraîche ou réfrigérée","Biological meat, with the bone in, of domestic or wild pigs (e.g. wild boars),whether fresh or chilled. (Unofficial definition)","","","","21113.01b"
"1108","Viande, âne, fraîche ou réfrigérée","Fraîche, réfrigérée ou congelée.","","020500","020500","21118.02"
"1158","Viande, autres camélidés domestiques, fraîche ou réfrigérée","Fraîche, réfrigérée ou congelée.","","020890","020860","21117.02"
"1151","Viande, autres rongeurs domestiques, fraîche ou réfrigérée","Fraîche, réfrigérée ou congelée.","","020890","020890","21119.01"
"867","Viande, bovine, fraîche ou réfrigérée","Viande de bovins, fraîche, réfrigérée ou congelée, non désossée. Les noms commerciaux courants sont le boeuf et le veau.","","020110, 020120, 020210, 020220","020110, 020120, 020210, 020220","21111.01"
"947","Viande, buffle, fraîche ou réfrigérée","Fraîche, réfrigérée ou congelée, avec ou sans os.","","020110, 020120, 020130, 020210, 020220, 020230","020110, 020120, 020130, 020210, 020220, 020230","21112"
"1127","Viande, camélidé, fraîche ou réfrigérée","Fraîche, réfrigérée ou congelée.","","020890","020860","21117.01"
"1069","Viande, canard, fraîche ou réfrigérée","Fraîche, réfrigérée ou congelée.","","020732, 020733, 020735, 020736","020741, 020742, 020744, 020745","21122"
"1017","Viande, caprin, fraîche ou réfrigérée","Viande de caprins adultes et de cabris, fraîche, réfrigérée ou congelée, désossée ou non.","","020450","020450","21116"
"1097","Viande, cheval, fraîche ou réfrigérée","Fraîche, réfrigérée ou congelée.","","020500","020500","21118.01"
"1080","Viande, dinde, fraîche ou réfrigérée","Fraîche, réfrigérée ou congelée.","","020724, 020725, 020726, 020727","020724, 020725, 020726, 020727","21124"
"1141","Viande, leporidés, fraîche ou réfrigérée","Fraîche, réfrigérée ou congelée. Peut être comprise la viande de lièvre.","","020810","020810","21114"
"1111","Viande, mulet, fraîche ou réfrigérée","Fraîche, réfrigérée ou congelée.","","020500","020500","21118.03"
"1073","Viande, oie, fraîche ou réfrigérée","Fraîche, réfrigérée ou congelée.","","020732, 020733, 020735, 020736","020751, 020752, 020754, 020755","21123"
"1089","Viande, pigeons et autres volatiles n.a.c., fraîche, réfrigérée ou congelée","Fraîche, réfrigérée ou congelée.","","020890","020890","21170.01"
"1058","Viande, poulet, fraîche ou réfrigérée","Fraîche, réfrigérée ou congelée. Peuvent être compris tous les types de viande de volaille si les statistiques nationales ne sont pas ventilées.","","020711, 020712, 020713, 020714, 020732, 020733, 020735, 020736","020711, 020712, 020713, 020714, 020760","21121"
"1035","Viande, suidés, fraîche ou réfrigérée","Viande non désossée de suidés domestiques ou sauvages (par exemple sangliers), fraîche, réfrigérée ou congelée.","","020311, 020312, 020319, 020321, 020322, 020329","020311, 020312, 020319, 020321, 020322, 020329","21113.01"
"1765","Viande, total","FAO defines meat as the flesh of animals used for food. In production data, meat is normally reported inclusive of bone and exclusive of meat that is unfit for human consumption. As reported by individual countries, meat production data may refer either to commercial production (meat entering marketing channels), inspected production (from animals slaughtered under sanitary inspection), or total production (the total of the above- mentioned categories plus slaughter for personal consumption). All FAO annual production data refer to total production.Country statistics on meat production adhere to one or more of the following concepts: 1. Live weight: the weight of the animal immediately before slaughter. 2. Killed weight: the live weight less the uncollected blood lost during slaughter. 3. Dressed carcass weight: weight minus all parts - edible and inedible - that are removed in dressing the carcass. The concept varies widely from country to country and according to the various species of livestock. Edible parts generally include edible offals (head or head meat, tongue, brains, heart, liver, spleen, stomach or tripes and, in a few countries, other parts such as feet, throat and lungs. Slaughter fats (the unrendered fats that fall in the course of dressing the carcasses) are recorded as either edible or inedible according to country practice. Inedible parts generally include hides and skins (except in the case of pigs), as well as hoofs and stomach contents.Meat production data for minor animals (poultry, rabbits, etc.) are reported in one of the following three ways: ready-to-cook weight (giblets are sometimes included and sometimes excluded); eviscerated weight (including the feet and head); or dressed weight, i.e. the live weight less the blood, feathers and skin.FAO data relate to dressed carcass weight for livestock and, wherever possible, ready-to- cook weight for poultry.Among individual countries, one of the following three concepts issued to measure production:A. Production from all animals, of both indigenous and foreign origin, that are slaughtered within national boundaries. B. Production from the slaughter of indigenous animals plus exports of live indigenous animals during the reference period. Derived from meat production as follows: production from slaughtered animals plus the meat equivalent of all animals exported alive, minus the meat equivalent of all animals imported alive. As imports/exports of live animals are recorded by FAO in numbers, not weight, animal type and size are of significance. C. The biological production concept covers indigenous animals that are either slaughtered or exported live, plus net additions to the stock during the reference period. Derived from indigenous productions follows: indigenous production plus (or minus) the meat equivalent of the change in the stock numbers during the reference period. Production is expressed in terms of live weight. Changes in the total live weight of all animals are not taken into account.FAO uses the first concept of meat production in the construction of its food balance sheets and for related indicators. The second concept, indigenous meat production, in measuring the output of the national livestock sector, is useful mainly in the construction of index numbers of agricultural production. The third concept, biological production, would be the most complete as it also reflects changes in the livestock herd, but it is not used because of difficulties in obtaining information from national reporting offices. The prices applied to indigenous meat production are derived from prices of live animals. This covers not only the value of meat, but also the value of offals, fats, hides and skins.","","","","F1765"
